day,role,name,x,y,energy,age,alive,action,weather,weather_factor,resource_regen,move_prob_prey,predation_success_prob
1,prey,Plijen1,0,1,6.0,1,True,reproduce,cloudy,0.95,2,0.5,0.7
1,prey,Plijen2,0,5,6.0,1,True,reproduce,cloudy,0.95,2,0.5,0.7
1,prey,Plijen3,1,4,11.2,1,True,move,cloudy,0.95,2,0.5,0.7
1,prey,Plijen4,7,7,6.0,1,True,reproduce,cloudy,0.95,2,0.5,0.7
1,prey,Plijen5,7,8,6.0,1,True,reproduce,cloudy,0.95,2,0.5,0.7
1,predator,Predator1,7,9,7.0,1,True,reproduce,cloudy,0.95,2,0.5,0.7
1,predator,Predator2,2,5,7.0,1,True,reproduce,cloudy,0.95,2,0.5,0.7
2,prey,Plijen1,0,1,5.2,2,True,move,sunny,1.0,2,0.5,0.7
2,prey,Plijen2,0,4,5.2,2,True,move,sunny,1.0,2,0.5,0.7
2,prey,Plijen3,1,4,11.0,2,True,rest,sunny,1.0,2,0.5,0.7
2,prey,Plijen4,7,8,5.2,2,True,move,sunny,1.0,2,0.5,0.7
2,prey,Plijen5,7,9,5.2,2,True,move,sunny,1.0,2,0.5,0.7
2,prey,Plijen1_child9911,0,1,5.8,1,True,rest,sunny,1.0,2,0.5,0.7
2,prey,Plijen2_child5466,1,5,5.2,1,True,move,sunny,1.0,2,0.5,0.7
2,prey,Plijen4_child1291,7,7,5.8,1,True,rest,sunny,1.0,2,0.5,0.7
2,prey,Plijen5_child4945,7,8,5.8,1,True,rest,sunny,1.0,2,0.5,0.7
2,predator,Predator1,6,9,5.8,2,True,search,sunny,1.0,2,0.5,0.7
2,predator,Predator2,1,5,5.8,2,True,search,sunny,1.0,2,0.5,0.7
2,predator,Predator1_child3718,7,8,5.8,1,True,search,sunny,1.0,2,0.5,0.7
2,predator,Predator2_child5542,2,6,5.8,1,True,search,sunny,1.0,2,0.5,0.7
3,prey,Plijen1,0,1,5.2,3,True,feed,rainy,0.85,2,0.5,0.7
3,prey,Plijen2,0,5,4.4,3,True,move,rainy,0.85,2,0.5,0.7
3,prey,Plijen3,1,4,10.8,3,True,rest,rainy,0.85,2,0.5,0.7
3,prey,Plijen4,7,8,5.2,3,True,feed,rainy,0.85,2,0.5,0.7
3,prey,Plijen5,7,9,4.4,3,True,move,rainy,0.85,2,0.5,0.7
3,prey,Plijen1_child9911,0,1,5.8,2,True,feed,rainy,0.85,2,0.5,0.7
3,prey,Plijen2_child5466,1,5,5.2,2,True,feed,rainy,0.85,2,0.5,0.7
3,prey,Plijen4_child1291,7,7,5.8,2,True,feed,rainy,0.85,2,0.5,0.7
3,prey,Plijen5_child4945,7,8,5.8,2,True,feed,rainy,0.85,2,0.5,0.7
3,predator,Predator1,6,9,4.6,3,True,hunt,rainy,0.85,2,0.5,0.7
3,predator,Predator2,2,5,4.6,3,True,hunt,rainy,0.85,2,0.5,0.7
3,predator,Predator1_child3718,7,9,4.6,2,True,hunt,rainy,0.85,2,0.5,0.7
3,predator,Predator2_child5542,2,7,4.6,2,True,search,rainy,0.85,2,0.5,0.7
4,prey,Plijen1,0,1,8.9,4,True,rest,sunny,1.0,2,0.5,0.7
4,prey,Plijen2,0,6,3.6000000000000005,4,True,move,sunny,1.0,2,0.5,0.7
4,prey,Plijen5,7,9,4.4,4,True,feed,sunny,1.0,2,0.5,0.7
4,prey,Plijen1_child9911,0,1,9.500000000000002,3,True,rest,sunny,1.0,2,0.5,0.7
4,prey,Plijen2_child5466,1,5,8.9,3,True,rest,sunny,1.0,2,0.5,0.7
4,prey,Plijen4_child1291,7,8,8.9,3,True,move,sunny,1.0,2,0.5,0.7
4,prey,Plijen5_child4945,7,7,8.9,3,True,move,sunny,1.0,2,0.5,0.7
4,predator,Predator1,7,9,3.3999999999999995,4,True,hunt,sunny,1.0,2,0.5,0.7
4,predator,Predator2,2,6,11.4,4,True,search,sunny,1.0,2,0.5,0.7
4,predator,Predator1_child3718,7,8,11.4,3,True,search,sunny,1.0,2,0.5,0.7
4,predator,Predator2_child5542,2,8,3.3999999999999995,3,True,hunt,sunny,1.0,2,0.5,0.7
5,prey,Plijen1,0,1,8.700000000000001,5,True,rest,storm,0.75,2,0.5,0.7
5,prey,Plijen2,0,6,3.6000000000000005,5,True,feed,storm,0.75,2,0.5,0.7
5,prey,Plijen1_child9911,0,1,9.300000000000002,4,True,rest,storm,0.75,2,0.5,0.7
5,prey,Plijen2_child5466,2,5,8.1,4,True,move,storm,0.75,2,0.5,0.7
5,prey,Plijen4_child1291,7,7,8.1,4,True,move,storm,0.75,2,0.5,0.7
5,prey,Plijen5_child4945,7,7,8.700000000000001,4,True,rest,storm,0.75,2,0.5,0.7
5,predator,Predator1,7,9,10.2,5,True,search,storm,0.75,2,0.5,0.7
5,predator,Predator2,2,7,10.200000000000001,5,True,search,storm,0.75,2,0.5,0.7
5,predator,Predator1_child3718,7,8,11.0,4,True,rest,storm,0.75,2,0.5,0.7
5,predator,Predator2_child5542,3,8,10.2,4,True,search,storm,0.75,2,0.5,0.7
6,prey,Plijen1,0,2,7.900000000000001,6,True,move,rainy,0.85,2,0.5,0.7
6,prey,Plijen2,0,5,6.700000000000001,6,True,move,rainy,0.85,2,0.5,0.7
6,prey,Plijen1_child9911,0,1,8.500000000000002,5,True,move,rainy,0.85,2,0.5,0.7
6,prey,Plijen2_child5466,3,5,7.3,5,True,move,rainy,0.85,2,0.5,0.7
6,prey,Plijen4_child1291,7,7,7.8999999999999995,5,True,rest,rainy,0.85,2,0.5,0.7
6,prey,Plijen5_child4945,7,7,8.500000000000002,5,True,rest,rainy,0.85,2,0.5,0.7
6,predator,Predator1,7,8,9.0,6,True,search,rainy,0.85,2,0.5,0.7
6,predator,Predator2,2,7,9.8,6,True,rest,rainy,0.85,2,0.5,0.7
6,predator,Predator1_child3718,7,9,9.8,5,True,search,rainy,0.85,2,0.5,0.7
6,predator,Predator2_child5542,3,9,9.0,5,True,search,rainy,0.85,2,0.5,0.7
7,prey,Plijen1,0,1,7.100000000000001,7,True,move,storm,0.75,2,0.5,0.7
7,prey,Plijen2,0,5,5.900000000000001,7,True,move,storm,0.75,2,0.5,0.7
7,prey,Plijen1_child9911,0,1,8.300000000000002,6,True,rest,storm,0.75,2,0.5,0.7
7,prey,Plijen2_child5466,3,6,6.5,6,True,move,storm,0.75,2,0.5,0.7
7,prey,Plijen4_child1291,7,6,7.1,6,True,move,storm,0.75,2,0.5,0.7
7,prey,Plijen5_child4945,7,6,7.700000000000002,6,True,move,storm,0.75,2,0.5,0.7
7,predator,Predator1,7,8,8.6,7,True,rest,storm,0.75,2,0.5,0.7
7,predator,Predator2,2,8,8.600000000000001,7,True,search,storm,0.75,2,0.5,0.7
7,predator,Predator1_child3718,8,9,8.600000000000001,6,True,search,storm,0.75,2,0.5,0.7
7,predator,Predator2_child5542,2,9,7.8,6,True,search,storm,0.75,2,0.5,0.7
8,prey,Plijen1,0,0,6.300000000000002,8,True,move,cloudy,0.95,2,0.5,0.7
8,prey,Plijen2,1,5,5.100000000000001,8,True,move,cloudy,0.95,2,0.5,0.7
8,prey,Plijen1_child9911,0,0,7.500000000000003,7,True,move,cloudy,0.95,2,0.5,0.7
8,prey,Plijen2_child5466,3,6,6.3,7,True,rest,cloudy,0.95,2,0.5,0.7
8,prey,Plijen4_child1291,7,6,6.8999999999999995,7,True,rest,cloudy,0.95,2,0.5,0.7
8,prey,Plijen5_child4945,7,5,6.900000000000002,7,True,move,cloudy,0.95,2,0.5,0.7
8,predator,Predator1,8,8,7.3999999999999995,8,True,hunt,cloudy,0.95,2,0.5,0.7
8,predator,Predator2,3,8,7.400000000000001,8,True,hunt,cloudy,0.95,2,0.5,0.7
8,predator,Predator1_child3718,8,8,7.400000000000001,7,True,hunt,cloudy,0.95,2,0.5,0.7
8,predator,Predator2_child5542,2,8,6.6,7,True,hunt,cloudy,0.95,2,0.5,0.7
9,prey,Plijen1,1,0,5.500000000000002,9,True,move,cloudy,0.95,2,0.5,0.7
9,prey,Plijen2,1,5,5.100000000000001,9,True,feed,cloudy,0.95,2,0.5,0.7
9,prey,Plijen1_child9911,0,0,6.700000000000003,8,True,move,cloudy,0.95,2,0.5,0.7
9,prey,Plijen2_child5466,3,6,6.1,8,True,rest,cloudy,0.95,2,0.5,0.7
9,prey,Plijen4_child1291,7,7,6.1,8,True,move,cloudy,0.95,2,0.5,0.7
9,prey,Plijen5_child4945,6,5,6.100000000000002,8,True,move,cloudy,0.95,2,0.5,0.7
9,predator,Predator1,8,8,7.699999999999999,9,True,reproduce,cloudy,0.95,2,0.5,0.7
9,predator,Predator2,3,8,7.700000000000001,9,True,reproduce,cloudy,0.95,2,0.5,0.7
9,predator,Predator1_child3718,8,8,7.700000000000001,8,True,reproduce,cloudy,0.95,2,0.5,0.7
9,predator,Predator2_child5542,2,8,7.3,8,True,reproduce,cloudy,0.95,2,0.5,0.7
10,prey,Plijen1,1,0,5.500000000000002,10,True,feed,sunny,1.0,2,0.5,0.7
10,prey,Plijen2,1,6,8.200000000000001,10,True,move,sunny,1.0,2,0.5,0.7
10,prey,Plijen1_child9911,0,0,6.500000000000003,9,True,rest,sunny,1.0,2,0.5,0.7
10,prey,Plijen2_child5466,3,6,5.8999999999999995,9,True,rest,sunny,1.0,2,0.5,0.7
10,prey,Plijen4_child1291,7,6,5.3,9,True,move,sunny,1.0,2,0.5,0.7
10,prey,Plijen5_child4945,5,5,5.3000000000000025,9,True,move,sunny,1.0,2,0.5,0.7
10,predator,Predator1,7,8,6.499999999999999,10,True,search,sunny,1.0,2,0.5,0.7
10,predator,Predator2,3,8,7.300000000000001,10,True,rest,sunny,1.0,2,0.5,0.7
10,predator,Predator1_child3718,8,8,7.300000000000001,9,True,rest,sunny,1.0,2,0.5,0.7
10,predator,Predator2_child5542,2,8,6.8999999999999995,9,True,rest,sunny,1.0,2,0.5,0.7
10,predator,Predator1_child8371,8,7,6.499999999999999,1,True,hunt,sunny,1.0,2,0.5,0.7
10,predator,Predator2_child1076,2,8,6.500000000000001,1,True,hunt,sunny,1.0,2,0.5,0.7
10,predator,Predator1_child3718_child8890,7,8,6.500000000000001,1,True,hunt,sunny,1.0,2,0.5,0.7
10,predator,Predator2_child5542_child3609,2,9,6.1,1,True,search,sunny,1.0,2,0.5,0.7
